CUS-284,Service Layer - Ordering - Stub API Endpoints,,CLOSED,"Gangadharan, Vinay",Actions,
,,,,,View Issue,
,,,,,Reopen,
,,,,,,
,,,,,,
,,,,,,
,,,,,,
,,,,,,
,,,,,,
,,,,,,
,,,,,,
,,,,,,
,,,,,,
,,,,,,
,,,,,,
,,,,,,
,CUS-288,Service Layer - Ordering - API Versioning,,CLOSED,"Gangadharan, Vinay",Actions
,CUS-289,Service Layer - Ordering - ORM Installation,,CLOSED,"Gangadharan, Vinay",Actions
,CUS-290,Service Layer - Ordering - Project Setup / Documentation,,CLOSED,"Gangadharan, Vinay",Actions
,CUS-286,Service Layer - Reporting,,CLOSED,"Gangadharan, Vinay",Actions
,CUS-285,Service Layer - Metadata,,CLOSED,"Gangadharan, Vinay",Actions
,CUS-287,Service Layer - User Management - API Endpoints,,CLOSED,"Gangadharan, Vinay",Actions
,CUS-292,Service Layer - User Management - API Versioning,,CLOSED,"Gangadharan, Vinay",Actions
,CUS-293,Service Layer - User Management - ORM Installation,,CLOSED,"Gangadharan, Vinay",Actions
,CUS-294,Service Layer - User Management - Project Setup / Instructions,,CLOSED,"Gangadharan, Vinay",Actions
,CUS-295,Service Layer - User Management - CI/CD Setup,,CLOSED,"Robinson, Tracey",Actions
,CUS-972,Service Layer - Prime DB with Mock Data,,New,"Jadhav, Anil",Actions
,CUS-910,Service Layer - Create PDF print endpoints,,In Progress,"Nimbark, Manoj",Actions
,CUS-912,Service Layer - Orders - Optiview API integration,,In Progress,"Jadhav, Anil",Actions
,CUS-826,Service Layer - Orders - Build method to create mock data,,CLOSED,"Gangadharan, Vinay",Actions
,CUS-481,Service Layer - Orders - Adjust project structure,,CLOSED,"Poley, Ian",Actions
,CUS-482,Service Layer - Metadata - Adjust project structure,,CLOSED,"Poley, Ian",Actions
,CUS-483,Service Layer - Reports - Adjust project structure,,CLOSED,"Poley, Ian",Actions
,CUS-484,Service Layer - User Management - Adjust project structure,,CLOSED,"Poley, Ian",Actions
,CUS-471,Service Layer - Ordering - Stub out repository methods,,CLOSED,"Poley, Ian",Actions
,CUS-472,Service Layer - Metadata - Stub out repository methods,,CLOSED,"Poley, Ian",Actions
,CUS-473,Service Layer - User Management - Stub out repository methods,,CLOSED,"Gangadharan, Vinay",Actions
,CUS-474,Service Layer - Create SQL database schema,,CLOSED,"Poley, Ian",Actions
,CUS-476,Service Layer - Create SQL creation script,,CLOSED,"Poley, Ian",Actions
,CUS-543,Sitecore API - Metadata - Address Book,,CLOSED,"Gangadharan, Vinay",Actions
,CUS-291,Service Layer - Ordering - CI/CD Setup,,CLOSED,"Robinson, Tracey",Actions
,CUS-475,Service Layer - Configure database migrations,,CLOSED,"Poley, Ian",Actions
,CUS-542,Sitecore API - Metadata - Account Codes,,CLOSED,"Gangadharan, Vinay",Actions
,CUS-544,Sitecore API - Metadata - Accounts,,CLOSED,"Gangadharan, Vinay",Actions
,CUS-545,Sitecore API - Metadata - Projects,,CLOSED,"Gangadharan, Vinay",Actions
,CUS-548,Sitecore API - Metadata - Audit Log,,CLOSED,"Gangadharan, Vinay",Actions
,CUS-539,Azure - Development - Set up service layer applications,,CLOSED,"Gangadharan, Vinay",Actions
,CUS-540,Azure - QA - Set up service layer applications,,CLOSED,"Gangadharan, Vinay",Actions
,CUS-558,Service Layer - Users - Build Users API methods,,CLOSED,"Gangadharan, Vinay",Actions
,CUS-561,Service Layer - Users - Build Roles API methods,,CLOSED,"Gangadharan, Vinay",Actions
,CUS-700,Sitecore API - Orders - Add GetOrders endpoint,,CLOSED,"Gangadharan, Vinay",Actions
,CUS-702,Sitecore API - Metadata - Companies,,CLOSED,"Gangadharan, Vinay",Actions
,CUS-703,Sitecore API - Metadata - Common Items,,CLOSED,"Gangadharan, Vinay",Actions
,CUS-706,Service Layer - Users - Build GetUsers method,,CLOSED,"Gangadharan, Vinay",Actions
,CUS-704,Sitecore API - Users - Users,,CLOSED,"Gangadharan, Vinay",Actions
,CUS-705,Sitecore API - Users - Roles,,CLOSED,"Gangadharan, Vinay",Actions
,CUS-701,Sitecore API - Tracking,,CLOSED,"Gangadharan, Vinay",Actions
,CUS-729,Service Layer - Orders - Build tracking methods,,CLOSED,"Gangadharan, Vinay",Actions
,CUS-709,Service Layer - Metadata - Build AccountsController methods,,CLOSED,"Gangadharan, Vinay",Actions
,CUS-710,Service Layer - Metadata - Build AddressBookController methods,,CLOSED,"Gangadharan, Vinay",Actions
,CUS-711,Service Layer - Metadata - Build AuditLogController methods,,CLOSED,"Gangadharan, Vinay",Actions
,CUS-712,Service Layer - Metadata - Build CommonItemsController methods,,CLOSED,"Gangadharan, Vinay",Actions
,CUS-713,Service Layer - Metadata - Build CompaniesController methods,,CLOSED,"Gangadharan, Vinay",Actions
,CUS-714,Service Layer - Metadata - Build ProjectsController methods,,CLOSED,"Gangadharan, Vinay",Actions
,CUS-708,Service Layer - Metadata - Build AccountCodesController methods,,CLOSED,"Gangadharan, Vinay",Actions
,CUS-824,Service Layer - Metadata - Build method to create mock data,,CLOSED,"Gangadharan, Vinay",Actions
,CUS-825,Service Layer - Users - Build method to create mock data,,CLOSED,"Gangadharan, Vinay",Actions
,CUS-911,Service Layer - Orders - Order forms,,CLOSED,"Gangadharan, Vinay",Actions
,CUS-902,Service Layer - Add Logging,,Code Review,"Azzi, Phil",Actions
,CUS-968,Service Layer - Soft Deletes,,New,"Jadhav, Anil",Actions
,CUS-937,Service Layer - Build Automated Tests,,New,"Shvygar, Anna",Actions
,CUS-954,Update Schema for Company and Contact Name,,Resolved,"DeRico, Tino",Actions
,CUS-927,Service Layer - Add localizing support for error messages in all endpoints,,New,"Jadhav, Anil",Actions
